id,block,t0,t1,none,remark,d
protester,0,0.631944444,0.654861111,0.736111111,偉華中心,M104.75 847.79 85.32 821.75C85.32 821.75 128.92 792.82 169.65 768.41 210.37 744 238.48 757 289.24 762S373.35 768.52 403.18 746.76C433 725 441.72 719 441.72 719S387.05 653.82 375.53 634.41C364 615 346.43 593.47 342.72 568.23 339.01 542.99 329.52 509.86 329.52 509.86L396.46 486.27 379.3 416.16
protester,0,0.654861111,0.677777778,0.736111111,沙田廣場,M379.29 416.17C374.22 391.89 383.67 381.82 396.45 370.3 396.45 370.3 506.01 243.62 518.79 229.81 531.57 216 546.34 225.85 551.02 232.01S569.46 252.02 569.46 252.02
protester,0,0.677777778,0.697222222,0.736111111,到達終點,M574.96 256.62C574.96 256.62 596.82 274.57 604.87 280.36S621.4 282.12 627.93 274.29 649.57 249.28 649.57 249.28 495.21 107.69 486.37 100.92C477.53 94.15 469.64 90.46 459.43 100.92S426.71 123.77 423.81 131.11C420.91 138.45 421.04 158.99 422.82 171.18 424.6 183.37 434.4 208.82 423.88 229.79L411.88 246.14
protester,0.736111111,0.736805556,0.802083333,1,龍尾出發,"M411.9,246.15l12-16.35c10.52-20.97,0.72-46.42-1.06-58.61c-1.78-12.19-1.91-32.73,0.99-40.07 c2.9-7.34,25.41-19.73,35.62-30.19s18.1-6.77,26.94,0c8.84,6.77,163.19,148.36,163.19,148.36s-15.11,17.18-21.64,25.01 s-15.01,11.86-23.06,6.07s-29.91-23.74-29.91-23.74l-5.5-4.61c0,0-13.77-13.86-18.44-20.01s-19.45-16.01-32.23-2.2 c-12.78,13.81-122.34,140.49-122.34,140.49c-12.78,11.53-22.29,22.04-17.22,46.32l0.39,0.89l17.16,70.11l-67.27,22.25 c0,0,9.49,33.13,13.2,58.37c3.71,25.24,21.29,46.76,32.81,66.18c11.53,19.41,66.19,84.59,66.19,84.59s-8.72,6-38.55,27.76 C373.35,768.52,340,767,289.24,762s-78.87-18-119.6,6.41c-40.73,24.41-84.33,53.34-84.33,53.34l19.43,26.04"
