id,block,t0,s0,t1,s1,none,remark,d
protester,0,0.631944444,0,0.654861111,100,0.736111111,偉華中心,"M104.75,847.79l-19.43-26.04c0,0,43.6-28.93,84.33-53.34C210.37,744,238.48,757,289.24,762 s84.11,6.52,113.94-15.24C433,725,441.72,719,441.72,719s-54.67-65.18-66.19-84.59c-11.53-19.41-29.1-40.94-32.81-66.18 c-3.71-25.24-13.2-58.37-13.2-58.37l66.94-23.59l-17.16-70.11"
protester,0,0.654861111,0,0.677777778,100,0.736111111,沙田廣場,"M379.29,416.17c-5.07-24.28,4.38-34.35,17.16-45.87c0,0,109.56-126.68,122.34-140.49 c12.78-13.81,27.55-3.96,32.23,2.2s18.44,20.01,18.44,20.01"
protester,0,0.677777778,0,0.697222222,100,0.736111111,到達終點,"M574.96,256.62c0,0,21.86,17.95,29.91,23.74s16.53,1.76,23.06-6.07s21.64-25.01,21.64-25.01 S495.21,107.69,486.37,100.92c-8.84-6.77-16.73-10.46-26.94,0s-32.72,22.85-35.62,30.19c-2.9,7.34-2.77,27.88-0.99,40.07 c1.78,12.19,11.58,37.64,1.06,58.61l-12,16.35"
protester,0.736111111,0.736805556,100,0.802083333,0,1,龍尾出發,"M411.9,246.15l12-16.35c10.52-20.97,0.72-46.42-1.06-58.61c-1.78-12.19-1.91-32.73,0.99-40.07 c2.9-7.34,25.41-19.73,35.62-30.19s18.1-6.77,26.94,0c8.84,6.77,163.19,148.36,163.19,148.36s-15.11,17.18-21.64,25.01 s-15.01,11.86-23.06,6.07s-29.91-23.74-29.91-23.74l-5.5-4.61c0,0-13.77-13.86-18.44-20.01s-19.45-16.01-32.23-2.2 c-12.78,13.81-122.34,140.49-122.34,140.49c-12.78,11.53-22.29,22.04-17.22,46.32l0.39,0.89l17.16,70.11l-67.27,22.25 c0,0,9.49,33.13,13.2,58.37c3.71,25.24,21.29,46.76,32.81,66.18c11.53,19.41,66.19,84.59,66.19,84.59s-8.72,6-38.55,27.76 C373.35,768.52,340,767,289.24,762s-78.87-18-119.6,6.41c-40.73,24.41-84.33,53.34-84.33,53.34l19.43,26.04"
