id,block,t0,t1,none,remark,d
protester,0.736111111,0.736805556,0.802083333,1,龍尾出發,M379.63 417.51 379.24 416.62C374.17 392.34 383.68 381.83 396.46 370.3S396.46 370.3 506.02 243.62C518.8 229.81 531.58 216 551.03 232.01S555.7 238.16 569.47 252.02C569.47 252.02 574.97 256.63 574.97 256.63L604.88 280.37C612.93 286.16 627.94 274.3 634.47 266.47S649.58 249.29 649.58 249.29C495.23 107.7 486.39 100.93 477.55 94.16L459.45 100.93S449.24 111.39 426.73 123.78C423.83 131.12 420.93 138.46 421.06 159S422.84 171.19 424.62 183.38C434.42 208.83 423.9 229.8 411.9 246.15
