id,block,t0,s0,t1,s1,none,remark,d
protester,0,0.631944444,99,0.654861111,0,0.736111111,偉華中心,M104.75 847.79 85.32 821.75C85.32 821.75 128.92 792.82 169.65 768.41 210.37 744 238.48 757 289.24 762S373.35 768.52 403.18 746.76C433 725 441.72 719 441.72 719S387.05 653.82 375.53 634.41C364 615 346.43 593.47 342.72 568.23 339.01 542.99 329.52 509.86 329.52 509.86L396.46 486.27 379.3 416.16
protester,0,0.654861111,100,0.677777778,0,0.736111111,沙田廣場,M379.29 416.17C374.22 391.89 383.67 381.82 396.45 370.3 396.45 370.3 506.01 243.62 518.79 229.81 531.57 216 546.34 225.85 551.02 232.01S569.46 252.02 569.46 252.02
protester,0,0.677777778,100,0.697222222,0,0.736111111,到達終點,M574.96 256.62C574.96 256.62 596.82 274.57 604.87 280.36S621.4 282.12 627.93 274.29 649.57 249.28 649.57 249.28 495.21 107.69 486.37 100.92C477.53 94.15 469.64 90.46 459.43 100.92S426.71 123.77 423.81 131.11C420.91 138.45 421.04 158.99 422.82 171.18 424.6 183.37 434.4 208.82 423.88 229.79L411.88 246.14
protester,0.736111111,0.736805556,0,0.802083333,100,1,龍尾出發,M411.9 246.15 423.9 229.8C434.42 208.83 424.62 183.38 422.84 171.19 421.06 159 420.93 138.46 423.83 131.12 426.73 123.78 449.24 111.39 459.45 100.93S477.55 94.16 486.39 100.93C495.23 107.7 649.58 249.29 649.58 249.29S634.47 266.47 627.94 274.3 612.93 286.16 604.88 280.37 574.97 256.63 574.97 256.63L569.47 252.02C569.47 252.02 555.7 238.16 551.03 232.01S531.58 216 518.8 229.81C506.02 243.62 396.46 370.3 396.46 370.3 383.68 381.83 374.17 392.34 379.24 416.62L379.63 417.51 396.79 487.62 329.52 509.87C329.52 509.87 339.01 543 342.72 568.24 346.43 593.48 364.01 615 375.53 634.42 387.06 653.83 441.72 719.01 441.72 719.01S433 725.01 403.17 746.77C373.35 768.52 340 767 289.24 762S210.37 744 169.64 768.41C128.91 792.82 85.31 821.75 85.31 821.75L104.74 847.79
